COUNTRY,ISO3,WHO_REGION,DATA_SOURCE,DATE_UPDATED,TOTAL_VACCINATIONS,PERSONS_VACCINATED_1PLUS_DOSE,TOTAL_VACCINATIONS_PER100,PERSONS_VACCINATED_1PLUS_DOSE_PER100,PERSONS_FULLY_VACCINATED,PERSONS_FULLY_VACCINATED_PER100,VACCINES_USED,FIRST_VACCINE_DATE,NUMBER_VACCINES_TYPES_USED
Afghanistan,AFG,EMRO,REPORTING,8/30/2021,1979652,773002,5.085,1.986,441371,1.134,"Beijing CNBG - BBIBP-CorV,Janssen - Ad26.COV 2.5,Pfizer BioNTech - Comirnaty,SII - Covishield",2/22/2021,4
Albania,ALB,EURO,OWID,9/13/2021,1610157,900814,55.951,31.302,709343,24.649,"AstraZeneca - AZD1222, Pfizer BioNTech - Comirnaty, Sinovac - CoronaVac, Gamaleya - Sputnik V",,4
Algeria,DZA,AFRO,REPORTING,9/12/2021,9989662,5815039,22.781,13.261,4174623,9.52,"Beijing CNBG - BBIBP-CorV,Gamaleya - Sputnik V,SII - Covishield",1/30/2021,3
American Samoa,ASM,WPRO,REPORTING,9/7/2021,56744,31318,102.803,56.739,25971,47.051,"Janssen - Ad26.COV 2.5,Moderna - mRNA-1273,Pfizer BioNTech - Comirnaty",12/21/2020,3
Andorra,AND,EURO,OWID,8/29/2021,93430,51599,120.922,66.782,41831,54.14,"AstraZeneca - AZD1222, Pfizer BioNTech - Comirnaty",,2
Angola,AGO,AFRO,REPORTING,9/11/2021,2469333,1510880,7.513,4.597,958453,2.916,SII - Covishield,3/10/2021,1
Anguilla,AIA,AMRO,REPORTING,9/10/2021,18481,9493,123.19,63.278,8988,59.912,AstraZeneca - Vaxzevria,2/5/2021,1
Antigua and Barbuda,ATG,AMRO,REPORTING,9/10/2021,78506,43242,80.166,44.156,35264,36.01,"AstraZeneca - Vaxzevria,Beijing CNBG - BBIBP-CorV,Gamaleya - Sputnik V,Janssen - Ad26.COV 2.5,Pfizer BioNTech - Comirnaty,SII - Covishield",2/19/2021,6
Argentina,ARG,AMRO,REPORTING,9/3/2021,43696315,28183966,96.682,62.36,15512349,34.323,"AstraZeneca - Vaxzevria,Beijing CNBG - BBIBP-CorV,CanSino - Ad5-nCOV,Gamaleya - Sputnik V,Moderna - mRNA-1273,SII - Covishield",12/29/2020,6
Armenia,ARM,EURO,OWID,9/12/2021,335721,215278,11.33,7.265,120443,4.065,"AstraZeneca - AZD1222, Sinovac - CoronaVac, Gamaleya - Sputnik V",,3
Aruba,ABW,AMRO,REPORTING,9/10/2021,150283,79420,140.759,74.387,70863,66.372,"Janssen - Ad26.COV 2.5,Pfizer BioNTech - Comirnaty",2/17/2021,2
Australia,AUS,WPRO,REPORTING,9/4/2021,20855353,12938761,81.786,50.74,7879487,30.9,"AstraZeneca - Vaxzevria,Novavax - Covavax,Pfizer BioNTech - Comirnaty",2/21/2021,3
Austria,AUT,EURO,OWID,9/14/2021,10653723,5621133,119.69,63.151,5314475,59.706,"Janssen - Ad26.COV 2.5, Moderna - mRNA-1273, AstraZeneca - AZD1222, Pfizer BioNTech - Comirnaty",,4
Azerbaijan,AZE,EURO,OWID,9/14/2021,7680427,4530138,75.75,44.68,3150289,31.07,"AstraZeneca - AZD1222, Sinovac - CoronaVac, Gamaleya - Sputnik V",,3
Bahamas,BHS,AMRO,REPORTING,9/10/2021,161613,105753,41.097,26.892,55860,14.205,"AstraZeneca - Vaxzevria,Pfizer BioNTech - Comirnaty,SII - Covishield",3/14/2021,3
Bahrain,BHR,EMRO,REPORTING,9/14/2021,2527943,1158123,148.565,68.062,1100565,64.679,"AstraZeneca - Vaxzevria,Beijing CNBG - BBIBP-CorV,Gamaleya - Sputnik V,Janssen - Ad26.COV 2.5,Moderna - mRNA-1273,Pfizer BioNTech - Comirnaty,SII - Covishield",11/4/2020,7
Bangladesh,BGD,SEARO,REPORTING,9/14/2021,35455905,21324018,21.529,12.948,14131887,8.581,"AstraZeneca - Vaxzevria,Beijing CNBG - BBIBP-CorV,Gamaleya - Sputnik V,Janssen - Ad26.COV 2.5,Moderna - mRNA-1273,Pfizer BioNTech - Comirnaty,SII - Covishield,Sinovac - CoronaVac",1/27/2021,8
Barbados,BRB,AMRO,REPORTING,9/10/2021,213900,117968,74.432,41.05,95932,33.382,"AstraZeneca - Vaxzevria,Beijing CNBG - BBIBP-CorV,Pfizer BioNTech - Comirnaty,SII - Covishield",2/10/2021,4
Belarus,BLR,EURO,OWID,9/5/2021,3085256,1692439,32.651,17.911,1392817,14.74,"Beijing CNBG - Inactivated, Gamaleya - Sputnik V",,2
Belgium,BEL,EURO,OWID,9/14/2021,16414814,8504951,142.46,73.812,8277672,71.84,"Janssen - Ad26.COV 2.5, Moderna - mRNA-1273, AstraZeneca - AZD1222, Pfizer BioNTech - Comirnaty",,4
Belize,BLZ,AMRO,REPORTING,9/10/2021,253308,176257,63.705,44.327,79045,19.879,"AstraZeneca - Vaxzevria,Beijing CNBG - BBIBP-CorV,Janssen - Ad26.COV 2.5,Pfizer BioNTech - Comirnaty,SII - Covishield",3/1/2021,5
Benin,BEN,AFRO,REPORTING,9/7/2021,175926,58040,1.451,0.479,117886,0.972,"SII - Covishield,Sinovac - CoronaVac",3/29/2021,2
Bermuda,BMU,AMRO,REPORTING,9/10/2021,85914,43377,137.963,69.656,42537,68.307,"AstraZeneca - Vaxzevria,Pfizer BioNTech - Comirnaty",1/11/2021,2
Bhutan,BTN,SEARO,REPORTING,9/12/2021,1046117,567220,135.576,73.511,478897,62.065,"AstraZeneca - Vaxzevria,Beijing CNBG - BBIBP-CorV,Moderna - mRNA-1273,Pfizer BioNTech - Comirnaty,SII - Covishield",3/27/2021,5
Bolivia (Plurinational State of),BOL,AMRO,REPORTING,9/10/2021,6243449,4113206,53.486,35.237,2943362,25.215,"Beijing CNBG - BBIBP-CorV,Gamaleya - Sputnik V,Janssen - Ad26.COV 2.5,Pfizer BioNTech - Comirnaty,SII - Covishield",1/30/2021,5
Bonaire,XAA,AMRO,REPORTING,9/10/2021,29170,15554,139.469,74.368,13616,65.102,,,
"Bonaire, Sint Eustatius and Saba",BES,AMRO,REPORTING,4/9/2021,7391,5726,28.441,22.034,2965,11.41,"Moderna - mRNA-1273,Pfizer BioNTech - Comirnaty",2/22/2021,2
Bosnia and Herzegovina,BIH,EURO,OWID,9/7/2021,1060145,634063,32.313,19.326,426082,12.987,"AstraZeneca - AZD1222, Pfizer BioNTech - Comirnaty, Sinovac - CoronaVac, Gamaleya - Sputnik V",,4
Botswana,BWA,AFRO,REPORTING,9/1/2021,379684,379526,16.146,16.139,318272,13.534,"Moderna - mRNA-1273,Pfizer BioNTech - Comirnaty,SII - Covishield,Sinovac - CoronaVac",3/26/2021,4
Brazil,BRA,AMRO,REPORTING,9/10/2021,195324776,134564769,91.892,63.307,65249629,30.697,"AstraZeneca - Vaxzevria,Janssen - Ad26.COV 2.5,Pfizer BioNTech - Comirnaty,SII - Covishield,Sinovac - CoronaVac",1/17/2021,5
British Virgin Islands,VGB,AMRO,REPORTING,9/10/2021,31704,17298,104.852,57.208,14406,47.644,"AstraZeneca - Vaxzevria,Janssen - Ad26.COV 2.5",2/11/2021,2
Brunei Darussalam,BRN,WPRO,REPORTING,9/3/2021,337634,232785,77.177,53.211,104849,23.967,"AstraZeneca - Vaxzevria,Beijing CNBG - BBIBP-CorV,Janssen - Ad26.COV 2.5,Moderna - mRNA-1273,Pfizer BioNTech - Comirnaty",4/3/2021,5
Bulgaria,BGR,EURO,OWID,9/14/2021,2427013,,34.914,,1249902,17.98,"Janssen - Ad26.COV 2.5, Moderna - mRNA-1273, AstraZeneca - AZD1222, Pfizer BioNTech - Comirnaty",,4
Burkina Faso,BFA,AFRO,REPORTING,9/12/2021,166160,166160,0.795,0.795,102268,0.489,SII - Covishield,6/2/2021,1
Cabo Verde,CPV,AFRO,REPORTING,9/11/2021,368789,272501,66.331,49.012,94997,17.086,"Pfizer BioNTech - Comirnaty,SII - Covishield",3/18/2021,2
Cambodia,KHM,WPRO,REPORTING,9/3/2021,19536084,11045289,116.85,66.064,8726567,52.196,"AstraZeneca - Vaxzevria,Beijing CNBG - BBIBP-CorV,Janssen - Ad26.COV 2.5,SII - Covishield,Sinovac - CoronaVac",2/10/2021,5
Cameroon,CMR,AFRO,REPORTING,9/12/2021,444521,363773,1.675,1.37,80748,0.304,"Beijing CNBG - BBIBP-CorV,SII - Covishield",4/12/2021,2
Canada,CAN,AMRO,REPORTING,9/10/2021,54228989,28293300,143.683,74.965,25935689,68.718,"Moderna - mRNA-1273,Pfizer BioNTech - Comirnaty,SII - Covishield",12/14/2020,3
Cayman Islands,CYM,AMRO,REPORTING,9/10/2021,102633,52622,156.167,80.07,50011,76.097,Pfizer BioNTech - Comirnaty,1/15/2021,1
Central African Republic,CAF,AFRO,REPORTING,9/8/2021,135918,82638,2.814,1.711,53280,1.103,"Bharat - Covaxin,SII - Covishield",3/19/2021,2
Chad,TCD,AFRO,REPORTING,9/12/2021,98302,79092,0.598,0.482,19210,0.117,Beijing CNBG - BBIBP-CorV,6/4/2021,1
Chile,CHL,AMRO,REPORTING,9/10/2021,28562447,13768366,149.415,72.025,13220521,69.159,"AstraZeneca - Vaxzevria,CanSino - Ad5-nCOV,Pfizer BioNTech - Comirnaty,Sinovac - CoronaVac",12/21/2020,4
China,CHN,WPRO,REPORTING,9/6/2021,2118288886,1099508925,143.975,74.731,973499961,66.167,"Anhui ZL - Recombinant,Beijing CNBG - BBIBP-CorV,CanSino - Ad5-nCOV,Pfizer BioNTech - Comirnaty,Sinovac - CoronaVac,Wuhan CNBG - Inactivated",7/22/2020,6
Colombia,COL,AMRO,REPORTING,9/10/2021,36835096,24154761,72.392,47.471,15476244,30.415,"AstraZeneca - Vaxzevria,Janssen - Ad26.COV 2.5,Moderna - mRNA-1273,Pfizer BioNTech - Comirnaty,Sinovac - CoronaVac",2/17/2021,5
Comoros,COM,AFRO,REPORTING,9/9/2021,334369,174765,38.451,20.097,159604,18.354,"Beijing CNBG - BBIBP-CorV,Bharat - Covaxin,SII - Covishield",4/10/2021,3
Congo,COG,AFRO,REPORTING,9/13/2021,190564,89047,3.453,1.614,101517,1.84,"Beijing CNBG - BBIBP-CorV,Gamaleya - Sputnik V,Moderna - mRNA-1273,SII - Covishield",3/23/2021,4
Cook Islands,COK,WPRO,REPORTING,8/3/2021,21761,11416,123.895,64.997,10345,58.899,Pfizer BioNTech - Comirnaty,5/17/2021,1
Costa Rica,CRI,AMRO,REPORTING,9/10/2021,4580610,3071596,89.92,60.297,1509014,29.623,"AstraZeneca - Vaxzevria,Pfizer BioNTech - Comirnaty",12/24/2020,2
Côte d’Ivoire,CIV,AFRO,REPORTING,9/10/2021,1467277,1193877,5.562,4.526,273400,1.036,"Beijing CNBG - BBIBP-CorV,Gamaleya - Sputnik V,SII - Covishield",3/1/2021,3
Croatia,HRV,EURO,OWID,9/13/2021,3335991,1762738,82.204,43.437,1652731,40.726,"Moderna - mRNA-1273, AstraZeneca - AZD1222, Pfizer BioNTech - Comirnaty",,3
Cuba,CUB,AMRO,REPORTING,9/10/2021,15515156,6297598,136.98,55.6,5019861,44.319,"Abdala, Soberana02",,2
Curaçao,CUW,AMRO,REPORTING,9/10/2021,184073,96737,112.176,58.953,87336,53.223,"AstraZeneca - Vaxzevria,Moderna - mRNA-1273,Pfizer BioNTech - Comirnaty",2/24/2021,3
Cyprus,CYP,EURO,OWID,9/13/2021,1124786,587429,126.664,66.152,537357,60.513,"Janssen - Ad26.COV 2.5, Moderna - mRNA-1273, AstraZeneca - AZD1222, Pfizer BioNTech - Comirnaty",,4
Czechia,CZE,EURO,OWID,9/14/2021,11661255,6017694,109.045,56.272,5861378,54.81,"Janssen - Ad26.COV 2.5, Moderna - mRNA-1273, AstraZeneca - AZD1222, Pfizer BioNTech - Comirnaty",,4
Democratic Republic of the Congo,COD,AFRO,REPORTING,9/11/2021,120062,85182,0.134,0.095,25452,0.028,SII - Covishield,4/19/2021,1
Denmark,DNK,EURO,OWID,9/13/2021,8696153,4435512,149.348,76.175,4307045,73.969,"Janssen - Ad26.COV 2.5, Moderna - mRNA-1273, Pfizer BioNTech - Comirnaty",,3
Djibouti,DJI,EMRO,REPORTING,9/13/2021,64721,39736,6.551,4.022,26087,2.64,"Beijing CNBG - BBIBP-CorV,Gamaleya - Sputnik V,Janssen - Ad26.COV 2.5,Pfizer BioNTech - Comirnaty,SII - Covishield,Sinovac - CoronaVac",3/15/2021,6
Dominica,DMA,AMRO,REPORTING,9/10/2021,43394,22930,60.277,31.851,20464,28.426,"AstraZeneca - Vaxzevria,Beijing CNBG - BBIBP-CorV,Pfizer BioNTech - Comirnaty,SII - Covishield",2/12/2021,4
Dominican Republic,DOM,AMRO,REPORTING,9/10/2021,11414350,5899155,105.222,54.381,4744602,43.737,"AstraZeneca - Vaxzevria,SII - Covishield,Sinovac - CoronaVac",2/16/2021,3
Ecuador,ECU,AMRO,REPORTING,9/10/2021,20225580,10980370,114.638,62.236,9526478,53.996,"AstraZeneca - Vaxzevria,CanSino - Ad5-nCOV,Pfizer BioNTech - Comirnaty,Sinovac - CoronaVac",1/21/2021,4
Egypt,EGY,EMRO,REPORTING,9/14/2021,12194537,7861403,11.916,7.682,4333134,4.234,"AstraZeneca - Vaxzevria,Beijing CNBG - BBIBP-CorV,Gamaleya - Sputnik V,Janssen - Ad26.COV 2.5,Pfizer BioNTech - Comirnaty,Sinovac - CoronaVac",1/24/2021,6
El Salvador,SLV,AMRO,REPORTING,9/10/2021,6827005,3790602,105.254,58.441,3036403,46.813,"AstraZeneca - Vaxzevria,Moderna - mRNA-1273,Pfizer BioNTech - Comirnaty,SII - Covishield,Sinovac - CoronaVac",2/17/2021,5
Equatorial Guinea,GNQ,AFRO,REPORTING,9/8/2021,364051,205925,25.948,14.678,158126,11.271,"Beijing CNBG - BBIBP-CorV,Sinovac - CoronaVac",2/12/2021,2
Estonia,EST,EURO,OWID,9/14/2021,1318468,742961,99.209,55.905,575507,43.305,"Janssen - Ad26.COV 2.5, Moderna - mRNA-1273, AstraZeneca - AZD1222, Pfizer BioNTech - Comirnaty",,4
Eswatini,SWZ,AFRO,REPORTING,9/8/2021,210277,180709,18.125,15.576,172985,14.91,SII - Covishield,3/19/2021,1
Ethiopia,ETH,AFRO,REPORTING,9/12/2021,2794490,2041602,2.431,1.776,752888,0.655,"Beijing CNBG - BBIBP-CorV,Bharat - Covaxin,SII - Covishield",3/13/2021,3
Falkland Islands (Malvinas),FLK,AMRO,OWID,4/14/2021,4407,2632,126.529,75.567,1775,50.962,AstraZeneca - AZD1222,,1
Faroe Islands,FRO,EURO,OWID,9/14/2021,72949,37447,149.287,76.634,35502,72.653,"Moderna - mRNA-1273, Pfizer BioNTech - Comirnaty",,2
Fiji,FJI,WPRO,REPORTING,8/27/2021,864962,566128,96.488,63.153,298834,33.335,"AstraZeneca - Vaxzevria,Moderna - mRNA-1273,SII - Covishield",3/7/2021,3
Finland,FIN,EURO,OWID,9/14/2021,7234961,4081680,130.943,73.873,3153281,57.07,"Moderna - mRNA-1273, AstraZeneca - AZD1222, Pfizer BioNTech - Comirnaty",,3
France,FRA,EURO,OWID,9/13/2021,91707134,49556778,141.003,76.195,42744148,65.72,"Janssen - Ad26.COV 2.5, Moderna - mRNA-1273, AstraZeneca - AZD1222, Pfizer BioNTech - Comirnaty",,4
French Guiana,GUF,AMRO,REPORTING,9/10/2021,136915,74759,45.84,25.03,62156,20.81,,,
French Polynesia,PYF,WPRO,REPORTING,9/2/2021,221629,142243,78.897,50.637,115299,41.045,"Janssen - Ad26.COV 2.5,Pfizer BioNTech - Comirnaty",1/18/2021,2
Gabon,GAB,AFRO,REPORTING,9/7/2021,146464,84214,6.58,3.784,62250,2.797,Beijing CNBG - BBIBP-CorV,3/23/2021,1
Gambia,GMB,AFRO,REPORTING,9/2/2021,198322,198482,8.206,8.213,20547,0.85,"Beijing CNBG - BBIBP-CorV,SII - Covishield",3/10/2021,2
Georgia,GEO,EURO,OWID,9/14/2021,1534111,914222,38.457,22.918,619889,15.539,"AstraZeneca - AZD1222, Pfizer BioNTech - Comirnaty, Beijing CNBG - Inactivated, Sinovac - CoronaVac",,4
Germany,DEU,EURO,OWID,9/14/2021,104592813,55465975,125.763,66.693,51902984,62.408,"Janssen - Ad26.COV 2.5, Moderna - mRNA-1273, AstraZeneca - AZD1222, Pfizer BioNTech - Comirnaty",,4
Ghana,GHA,AFRO,REPORTING,8/23/2021,1271393,865422,4.092,2.785,405971,1.307,"Gamaleya - Sputnik V,SII - Covishield",3/2/2021,2
Gibraltar,GIB,EURO,OWID,9/11/2021,79118,39787,234.834,118.094,39331,116.74,Pfizer BioNTech - Comirnaty,,1
Greece,GRC,EURO,OWID,9/14/2021,11757399,6300466,109.692,58.781,5870484,54.769,"Janssen - Ad26.COV 2.5, Moderna - mRNA-1273, AstraZeneca - AZD1222, Pfizer BioNTech - Comirnaty",,4
Greenland,GRL,EURO,OWID,9/13/2021,75689,40708,133.321,71.704,34981,61.617,Moderna - mRNA-1273,,1
Grenada,GRD,AMRO,REPORTING,9/10/2021,48140,28511,42.782,25.338,19629,17.444,"AstraZeneca - Vaxzevria,Pfizer BioNTech - Comirnaty,SII - Covishield",2/15/2021,3
Guadeloupe,GLP,AMRO,REPORTING,9/10/2021,190445,116767,47.596,29.183,73272,18.312,"AstraZeneca - Vaxzevria,Moderna - mRNA-1273,Pfizer BioNTech - Comirnaty",1/8/2021,5
Guam,GUM,WPRO,REPORTING,9/7/2021,215990,118822,127.975,70.403,105120,62.284,"Janssen - Ad26.COV 2.5,Moderna - mRNA-1273,Pfizer BioNTech - Comirnaty",1/4/2021,3
Guatemala,GTM,AMRO,REPORTING,9/10/2021,5228270,3605762,29.183,20.126,1622508,9.056,"AstraZeneca - Vaxzevria,Gamaleya - Sputnik V,Moderna - mRNA-1273,Pfizer BioNTech - Comirnaty,SII - Covishield",2/25/2021,5
Guernsey,GGY,EURO,OWID,9/13/2021,101178,,156.943,,,,"Moderna - mRNA-1273, AstraZeneca - AZD1222, Pfizer BioNTech - Comirnaty",,3
Guinea,GIN,AFRO,REPORTING,9/10/2021,1333682,917762,10.155,6.988,415920,3.167,"Beijing CNBG - BBIBP-CorV,Gamaleya - Sputnik V,Janssen - Ad26.COV 2.5,Pfizer BioNTech - Comirnaty,SII - Covishield,Sinovac - CoronaVac",3/5/2021,6
Guinea-Bissau,GNB,AFRO,REPORTING,8/23/2021,31090,28097,1.58,1.428,2993,0.152,"Beijing CNBG - BBIBP-CorV,SII - Covishield",4/2/2021,2
Guyana,GUY,AMRO,REPORTING,9/10/2021,498613,327519,63.392,41.64,171094,21.752,"AstraZeneca - Vaxzevria,Beijing CNBG - BBIBP-CorV,Gamaleya - Sputnik V,Moderna - mRNA-1273,Pfizer BioNTech - Comirnaty,SII - Covishield",2/11/2021,6
Haiti,HTI,AMRO,REPORTING,9/10/2021,50624,36583,0.444,0.321,14382,0.126,"Janssen - Ad26.COV 2.5,Moderna - mRNA-1273",,2
Honduras,HND,AMRO,REPORTING,9/10/2021,4261546,2351299,43.026,23.739,1910622,19.29,"AstraZeneca - Vaxzevria,Gamaleya - Sputnik V,Janssen - Ad26.COV 2.5,Moderna - mRNA-1273,Pfizer BioNTech - Comirnaty,SII - Covishield",2/26/2021,6
Hungary,HUN,EURO,OWID,9/14/2021,,5847002,,59.849,5553346,56.844,"Janssen - Ad26.COV 2.5, Moderna - mRNA-1273, AstraZeneca - AZD1222, Pfizer BioNTech - Comirnaty, Beijing CNBG - Inactivated, Gamaleya - Sputnik V",,6
Iceland,ISL,EURO,OWID,9/14/2021,539198,280707,148.077,77.089,269286,73.952,"Janssen - Ad26.COV 2.5, Moderna - mRNA-1273, AstraZeneca - AZD1222, Pfizer BioNTech - Comirnaty",,4
India,IND,SEARO,REPORTING,9/14/2021,752238324,570511241,54.51,41.341,181727083,13.169,"Bharat - Covaxin,Gamaleya - Sputnik V,Janssen - Ad26.COV 2.5,Moderna - mRNA-1273,SII - Covishield",1/16/2021,5
Indonesia,IDN,SEARO,REPORTING,9/14/2021,117597616,74818286,42.994,27.354,42779330,15.64,"AstraZeneca - Vaxzevria,Beijing CNBG - BBIBP-CorV,Moderna - mRNA-1273,Pfizer BioNTech - Comirnaty,Sinovac - CoronaVac",1/13/2021,5
Iran (Islamic Republic of),IRN,EMRO,REPORTING,9/13/2021,36753231,22943141,43.758,27.316,12549387,14.941,"AstraZeneca - Vaxzevria,Beijing CNBG - BBIBP-CorV,Bharat - Covaxin,Gamaleya - Sputnik V",2/9/2021,4
Iraq,IRQ,EMRO,REPORTING,9/11/2021,6672182,4203578,16.588,10.451,2468604,6.137,"AstraZeneca - Vaxzevria,Beijing CNBG - BBIBP-CorV,Gamaleya - Sputnik V,Pfizer BioNTech - Comirnaty",3/2/2021,4
Ireland,IRL,EURO,OWID,9/14/2021,7059629,3740175,142.204,75.339,3553954,71.588,"Janssen - Ad26.COV 2.5, Moderna - mRNA-1273, AstraZeneca - AZD1222, Pfizer BioNTech - Comirnaty",,4
Isle of Man,IMN,EURO,OWID,9/14/2021,128829,65430,151.506,76.948,63399,74.559,"AstraZeneca - AZD1222, Pfizer BioNTech - Comirnaty",,2
Israel,ISR,EURO,OWID,9/14/2021,14584151,6054298,168.495,69.947,5563259,64.274,"Moderna - mRNA-1273, Pfizer BioNTech - Comirnaty",,2
Italy,ITA,EURO,OWID,9/14/2021,81409122,43924031,136.497,73.647,38943449,65.296,"Janssen - Ad26.COV 2.5, Moderna - mRNA-1273, AstraZeneca - AZD1222, Pfizer BioNTech - Comirnaty",,4
Jamaica,JAM,AMRO,REPORTING,9/10/2021,606286,464848,20.475,15.698,152743,5.158,"AstraZeneca - Vaxzevria,Janssen - Ad26.COV 2.5,SII - Covishield",3/10/2021,3
Japan,JPN,WPRO,REPORTING,9/5/2021,135685318,75065848,107.281,59.352,60619470,47.929,"AstraZeneca - Vaxzevria,Moderna - mRNA-1273,Novavax - Covavax,Pfizer BioNTech - Comirnaty",2/17/2021,4
Jersey,JEY,EURO,OWID,9/8/2021,150070,76723,139.217,71.174,73347,68.042,"Moderna - mRNA-1273, AstraZeneca - AZD1222, Pfizer BioNTech - Comirnaty",,3
Jordan,JOR,EMRO,REPORTING,9/14/2021,6721452,3597237,65.876,35.256,3124215,30.62,"AstraZeneca - Vaxzevria,Beijing CNBG - BBIBP-CorV,Gamaleya - Sputnik V,Janssen - Ad26.COV 2.5,Moderna - mRNA-1273,Pfizer BioNTech - Comirnaty",1/13/2021,6
Kazakhstan,KAZ,EURO,OWID,9/14/2021,13071632,7126777,69.616,37.955,5944855,31.661,"QazVac, Sinopharm/HayatVax, Gamaleya - Sputnik V",,3
Kenya,KEN,AFRO,REPORTING,9/12/2021,3090932,2262968,5.748,4.209,827964,1.54,SII - Covishield,3/5/2021,1
Kiribati,KIR,WPRO,REPORTING,9/3/2021,29158,22815,24.41,19.1,6343,5.31,AstraZeneca - Vaxzevria,5/26/2021,1
Kosovo,XKX,EURO,OWID,9/14/2021,1066947,697914,59.418,38.867,369033,20.551,"AstraZeneca - AZD1222, Pfizer BioNTech - Comirnaty",,2
Kuwait,KWT,EMRO,REPORTING,8/4/2021,2380000,,55.73,,,,"AstraZeneca - Vaxzevria,Beijing CNBG - BBIBP-CorV,Janssen - Ad26.COV 2.5,Moderna - mRNA-1273,Pfizer BioNTech - Comirnaty",12/28/2020,5
Kyrgyzstan,KGZ,EURO,OWID,9/14/2021,1293759,749242,19.83,11.484,540454,8.284,"Beijing CNBG - Inactivated, Gamaleya - Sputnik V",,2
Lao People's Democratic Republic,LAO,WPRO,REPORTING,8/20/2021,3044669,2060418,41.848,28.32,1644691,22.606,"AstraZeneca - Vaxzevria,Beijing CNBG - BBIBP-CorV,Gamaleya - Sputnik V,Janssen - Ad26.COV 2.5,Pfizer BioNTech - Comirnaty,SII - Covishield,Sinovac - CoronaVac",11/25/2020,7
Latvia,LVA,EURO,OWID,9/14/2021,1564882,883386,82.031,46.307,793574,41.599,"Janssen - Ad26.COV 2.5, Moderna - mRNA-1273, AstraZeneca - AZD1222, Pfizer BioNTech - Comirnaty",,4
Lebanon,LBN,EMRO,REPORTING,9/13/2021,2814277,1545666,41.232,22.646,1268611,18.586,"AstraZeneca - Vaxzevria,Beijing CNBG - BBIBP-CorV,Gamaleya - Sputnik V,Pfizer BioNTech - Comirnaty",2/14/2021,4
Lesotho,LSO,AFRO,REPORTING,8/28/2021,201795,40911,9.42,1.91,32181,1.502,SII - Covishield,3/10/2021,1
Liberia,LBR,AFRO,REPORTING,9/3/2021,113680,112343,2.248,2.221,35190,0.696,SII - Covishield,4/1/2021,1
Libya,LBY,EMRO,REPORTING,9/14/2021,1393696,1253087,20.283,18.237,140609,2.046,"AstraZeneca - Vaxzevria,Beijing CNBG - BBIBP-CorV,Gamaleya - Sputnik V,Janssen - Ad26.COV 2.5,Moderna - mRNA-1273,Pfizer BioNTech - Comirnaty,Sinovac - CoronaVac",4/11/2021,7
Liechtenstein,LIE,OTHER,OWID,9/13/2021,44218,23563,114.12,60.812,20940,54.043,"Moderna - mRNA-1273, Pfizer BioNTech - Comirnaty",,2
Lithuania,LTU,EURO,OWID,9/14/2021,3287762,1708511,117.668,61.147,1579251,56.521,"Janssen - Ad26.COV 2.5, Moderna - mRNA-1273, AstraZeneca - AZD1222, Pfizer BioNTech - Comirnaty",,4
Luxembourg,LUX,EURO,OWID,9/12/2021,779620,416918,124.518,66.589,,,"Moderna - mRNA-1273, AstraZeneca - AZD1222, Pfizer BioNTech - Comirnaty",,3
Madagascar,MDG,AFRO,REPORTING,9/6/2021,283091,210666,1.022,0.761,86090,0.311,SII - Covishield,5/10/2021,1
Malawi,MWI,AFRO,REPORTING,9/12/2021,1001022,713014,5.233,3.727,452402,2.365,SII - Covishield,3/11/2021,1
Malaysia,MYS,WPRO,REPORTING,9/3/2021,35296591,20115233,109.055,62.149,15429300,47.671,"AstraZeneca - Vaxzevria,CanSino - Ad5-nCOV,Gamaleya - Sputnik V,Pfizer BioNTech - Comirnaty,Sinovac - CoronaVac",2/24/2021,5
Maldives,MDV,SEARO,REPORTING,9/12/2021,710805,389235,131.498,72.008,321570,59.49,"AstraZeneca - Vaxzevria,Beijing CNBG - BBIBP-CorV,Gamaleya - Sputnik V,Janssen - Ad26.COV 2.5,Moderna - mRNA-1273,Pfizer BioNTech - Comirnaty,SII - Covishield,Sinovac - CoronaVac",2/1/2021,8
Mali,MLI,AFRO,REPORTING,9/13/2021,370529,284052,1.83,1.403,86477,0.427,SII - Covishield,3/31/2021,1
Malta,MLT,EURO,OWID,9/13/2021,806726,417356,156.779,81.109,416554,80.953,"Janssen - Ad26.COV 2.5, Moderna - mRNA-1273, AstraZeneca - AZD1222, Pfizer BioNTech - Comirnaty",,4
Marshall Islands,MHL,WPRO,REPORTING,9/7/2021,38679,21573,65.343,36.445,18854,31.851,"Janssen - Ad26.COV 2.5,Moderna - mRNA-1273,Pfizer BioNTech - Comirnaty",12/29/2020,3
Martinique,MTQ,AMRO,REPORTING,9/10/2021,193472,110583,51.556,29.468,82889,22.088,Pfizer BioNTech - Comirnaty,,1
Mauritania,MRT,AFRO,REPORTING,9/9/2021,826529,292910,17.776,6.3,533619,11.477,"Beijing CNBG - BBIBP-CorV,SII - Covishield",3/26/2021,2
Mauritius,MUS,AFRO,REPORTING,9/6/2021,1483840,787076,116.675,61.888,696764,54.787,"Beijing CNBG - BBIBP-CorV,Bharat - Covaxin,SII - Covishield",1/26/2021,3
Mexico,MEX,AMRO,REPORTING,9/10/2021,89500945,59925105,69.417,46.478,37513581,29.095,"AstraZeneca - Vaxzevria,CanSino - Ad5-nCOV,Gamaleya - Sputnik V,Janssen - Ad26.COV 2.5,Moderna - mRNA-1273,Pfizer BioNTech - Comirnaty,Sinovac - CoronaVac",12/24/2020,7
Micronesia (Federated States of),FSM,WPRO,REPORTING,9/7/2021,66309,42390,57.648,36.853,35089,30.506,"AstraZeneca - Vaxzevria,Janssen - Ad26.COV 2.5,Moderna - mRNA-1273,Pfizer BioNTech - Comirnaty",1/13/2021,4
Monaco,MCO,EURO,OWID,9/9/2021,49262,26451,125.527,67.401,22811,58.126,Pfizer BioNTech - Comirnaty,,1
Mongolia,MNG,WPRO,REPORTING,9/3/2021,4429335,2242099,135.111,68.392,2101964,64.118,"AstraZeneca - Vaxzevria,Beijing CNBG - BBIBP-CorV,Gamaleya - Sputnik V,Moderna - mRNA-1273,Pfizer BioNTech - Comirnaty,SII - Covishield",2/23/2021,6
Montenegro,MNE,EURO,OWID,9/14/2021,421231,223265,67.068,35.548,197966,31.52,"AstraZeneca - AZD1222, Pfizer BioNTech - Comirnaty, Beijing CNBG - Inactivated, Gamaleya - Sputnik V",,4
Montserrat,MSR,AMRO,REPORTING,9/10/2021,2840,1466,56.811,29.326,1374,27.485,AstraZeneca - Vaxzevria,2/8/2021,1
Morocco,MAR,EMRO,REPORTING,9/14/2021,37238088,20362745,100.887,55.168,16875343,45.72,"AstraZeneca - Vaxzevria,Beijing CNBG - BBIBP-CorV,Gamaleya - Sputnik V,Janssen - Ad26.COV 2.5,Pfizer BioNTech - Comirnaty",1/28/2021,5
Mozambique,MOZ,AFRO,REPORTING,9/8/2021,2405890,1643520,7.698,5.258,762370,2.439,"Beijing CNBG - BBIBP-CorV,SII - Covishield",3/8/2021,2
Myanmar,MMR,SEARO,REPORTING,9/11/2021,8184418,4944654,15.042,9.088,3239764,5.954,"Beijing CNBG - BBIBP-CorV,SII - Covishield",1/27/2021,2
Namibia,NAM,AFRO,REPORTING,9/8/2021,297066,223071,11.691,8.779,129891,5.112,"Beijing CNBG - BBIBP-CorV,SII - Covishield",3/19/2021,2
Nauru,NRU,WPRO,REPORTING,8/20/2021,14790,7612,136.515,70.26,7178,66.254,"AstraZeneca - Vaxzevria,SII - Covishield",4/9/2021,2
Nepal,NPL,SEARO,REPORTING,9/13/2021,11032131,5833938,37.863,20.023,5198193,17.841,"AstraZeneca - Vaxzevria,Beijing CNBG - BBIBP-CorV,Bharat - Covaxin,Gamaleya - Sputnik V,Janssen - Ad26.COV 2.5,SII - Covishield",1/27/2021,6
Netherlands,NLD,EURO,OWID,9/12/2021,22153083,12048955,127.261,69.217,10898896,62.61,"Janssen - Ad26.COV 2.5, Moderna - mRNA-1273, AstraZeneca - AZD1222, Pfizer BioNTech - Comirnaty",,4
New Caledonia,NCL,WPRO,REPORTING,9/1/2021,155640,84527,54.515,29.607,71113,24.908,Pfizer BioNTech - Comirnaty,1/20/2021,1
New Zealand,NZL,WPRO,REPORTING,8/13/2021,2439089,1541542,50.58,31.967,897547,18.613,"AstraZeneca - Vaxzevria,Janssen - Ad26.COV 2.5,Novavax - Covavax,Pfizer BioNTech - Comirnaty",2/19/2021,4
Nicaragua,NIC,AMRO,REPORTING,9/10/2021,735252,476308,11.099,7.19,258944,3.909,"AstraZeneca - Vaxzevria,Gamaleya - Sputnik V,SII - Covishield",3/2/2021,3
Niger,NER,AFRO,REPORTING,8/28/2021,621853,404246,2.569,1.67,87492,0.361,"Beijing CNBG - BBIBP-CorV,SII - Covishield",3/29/2021,2
Nigeria,NGA,AFRO,REPORTING,9/12/2021,5712019,4024704,2.771,1.952,1687315,0.819,SII - Covishield,3/5/2021,1
Niue,NIU,WPRO,REPORTING,8/2/2021,2352,1202,145.365,74.289,1150,71.075,Pfizer BioNTech - Comirnaty,6/8/2021,1
North Macedonia,MKD,EURO,OWID,9/13/2021,1397773,761580,67.092,36.555,636193,30.537,"AstraZeneca - AZD1222, Pfizer BioNTech - Comirnaty, Beijing CNBG - Inactivated, Sinovac - CoronaVac, Gamaleya - Sputnik V",,5
Northern Mariana Islands (Commonwealth of the),MNP,WPRO,REPORTING,9/3/2021,67940,35088,118.04,60.962,33615,58.403,"Janssen - Ad26.COV 2.5,Moderna - mRNA-1273,Pfizer BioNTech - Comirnaty",12/19/2020,3
Norway,NOR,EURO,OWID,9/13/2021,7452689,3979353,138.846,74.137,3473336,64.71,"Moderna - mRNA-1273, Pfizer BioNTech - Comirnaty",,2
occupied Palestinian territory,PSE,EMRO,REPORTING,9/6/2021,1206277,741385,23.646,14.533,464892,9.113,"AstraZeneca - Vaxzevria,Beijing CNBG - BBIBP-CorV,Gamaleya - Sputnik V,Janssen - Ad26.COV 2.5,Moderna - mRNA-1273,Pfizer BioNTech - Comirnaty,Sinovac - CoronaVac",2/2/2021,7
Oman,OMN,EMRO,REPORTING,9/13/2021,4336872,2710021,84.926,53.069,1626851,31.858,"AstraZeneca - Vaxzevria,Gamaleya - Sputnik V,Pfizer BioNTech - Comirnaty,SII - Covishield,Sinovac - CoronaVac",12/29/2020,5
Pakistan,PAK,EMRO,REPORTING,9/15/2021,70494348,29591650,31.913,13.396,23182898,10.495,"Beijing CNBG - BBIBP-CorV,Bharat - Covaxin,CanSino - Ad5-nCOV,Gamaleya - Sputnik V,Moderna - mRNA-1273,Pfizer BioNTech - Comirnaty,SII - Covishield,Sinovac - CoronaVac",2/3/2021,8
Palau,PLW,WPRO,REPORTING,9/7/2021,29163,16757,161.193,92.621,14674,81.108,"Janssen - Ad26.COV 2.5,Moderna - mRNA-1273,Pfizer BioNTech - Comirnaty",1/3/2021,3
Panama,PAN,AMRO,REPORTING,9/10/2021,5017746,2869828,116.292,66.512,2147918,49.781,"AstraZeneca - Vaxzevria,Pfizer BioNTech - Comirnaty",1/20/2021,2
Papua New Guinea,PNG,WPRO,REPORTING,8/30/2021,134444,102739,1.503,1.148,31705,0.354,"AstraZeneca - Vaxzevria,Beijing CNBG - BBIBP-CorV,Janssen - Ad26.COV 2.5,SII - Covishield",3/30/2021,4
Paraguay,PRY,AMRO,REPORTING,9/10/2021,4271051,2439006,59.881,34.195,1832045,25.686,"AstraZeneca - Vaxzevria,Beijing CNBG - BBIBP-CorV,Bharat - Covaxin,Gamaleya - Sputnik V,Moderna - mRNA-1273,Pfizer BioNTech - Comirnaty,Sinovac - CoronaVac",2/22/2021,7
Peru,PER,AMRO,REPORTING,9/10/2021,20579845,11842353,62.416,35.917,8737492,26.5,"AstraZeneca - Vaxzevria,Beijing CNBG - BBIBP-CorV,Pfizer BioNTech - Comirnaty,Wuhan CNBG - Inactivated",2/9/2021,4
Philippines,PHL,WPRO,REPORTING,9/2/2021,34573135,23808419,31.55,21.727,14363168,13.107,"AstraZeneca - Vaxzevria,Beijing CNBG - BBIBP-CorV,Bharat - Covaxin,Gamaleya - Sputnik V,Janssen - Ad26.COV 2.5,Moderna - mRNA-1273,Novavax - Covavax,Pfizer BioNTech - Comirnaty,Sinovac - CoronaVac",3/1/2021,9
Pitcairn Islands,PCN,WPRO,REPORTING,7/22/2021,73,37,146,74,36,72,AstraZeneca - Vaxzevria,5/17/2021,1
Poland,POL,EURO,OWID,9/14/2021,36803305,19561992,96.958,51.536,19143244,50.433,"Janssen - Ad26.COV 2.5, Moderna - mRNA-1273, AstraZeneca - AZD1222, Pfizer BioNTech - Comirnaty",,4
Portugal,PRT,EURO,OWID,9/14/2021,15535354,8840653,150.889,85.866,8291303,80.53,"Janssen - Ad26.COV 2.5, Moderna - mRNA-1273, AstraZeneca - AZD1222, Pfizer BioNTech - Comirnaty",,4
Puerto Rico,PRI,AMRO,REPORTING,9/10/2021,4377864,2427136,153.027,84.84,2076215,72.573,"Janssen - Ad26.COV 2.5,Moderna - mRNA-1273,Pfizer BioNTech - Comirnaty",,3
Qatar,QAT,EMRO,REPORTING,9/14/2021,4615678,2134729,160.208,74.095,1816789,63.06,"AstraZeneca - Vaxzevria,Janssen - Ad26.COV 2.5,Moderna - mRNA-1273,Pfizer BioNTech - Comirnaty",12/23/2020,4
Republic of Korea,KOR,WPRO,REPORTING,9/6/2021,46474326,29996819,90.648,58.508,17743649,34.609,"AstraZeneca - Vaxzevria,Janssen - Ad26.COV 2.5,Moderna - mRNA-1273,Novavax - Covavax,Pfizer BioNTech - Comirnaty",2/26/2021,5
Republic of Moldova,MDA,EURO,OWID,9/14/2021,1342193,,33.272,,738515,18.307,"Janssen - Ad26.COV 2.5, AstraZeneca - AZD1222, Pfizer BioNTech - Comirnaty, Beijing CNBG - Inactivated, Gamaleya - Sputnik V",,5
Romania,ROU,EURO,OWID,9/13/2021,9880294,5323764,51.117,27.543,5213954,26.975,"Janssen - Ad26.COV 2.5, Moderna - mRNA-1273, AstraZeneca - AZD1222, Pfizer BioNTech - Comirnaty",,4
Russian Federation,RUS,EURO,OWID,9/14/2021,86073493,46169834,58.981,31.637,39903659,27.344,"SRCVB - EpiVacCorona, Gamaleya - Sputnik V",,2
Rwanda,RWA,AFRO,REPORTING,9/13/2021,2783113,1808973,21.488,13.967,974140,7.521,"Moderna - mRNA-1273,Pfizer BioNTech - Comirnaty,SII - Covishield",2/14/2021,3
Saba,XCA,AMRO,REPORTING,9/10/2021,1300,,67.253,,1300,67.253,,,
Saint Helena,SHN,AFRO,OWID,5/5/2021,7892,4361,129.995,71.833,3531,58.162,AstraZeneca - AZD1222,,1
Saint Kitts and Nevis,KNA,AMRO,REPORTING,9/10/2021,46587,24671,87.583,46.381,21916,41.202,"AstraZeneca - Vaxzevria,Pfizer BioNTech - Comirnaty,SII - Covishield",2/22/2021,3
Saint Lucia,LCA,AMRO,REPORTING,9/10/2021,69514,40986,37.856,22.32,28528,15.536,"AstraZeneca - Vaxzevria,Pfizer BioNTech - Comirnaty,SII - Covishield",2/17/2021,3
Saint Vincent and the Grenadines,VCT,AMRO,REPORTING,9/10/2021,31800,19399,28.664,17.486,12401,11.178,"AstraZeneca - Vaxzevria,Gamaleya - Sputnik V,Pfizer BioNTech - Comirnaty,SII - Covishield",2/1/2021,4
Samoa,WSM,WPRO,REPORTING,9/2/2021,137958,94441,69.53,47.598,43517,21.932,AstraZeneca - Vaxzevria,4/18/2021,1
San Marino,SMR,EURO,OWID,9/13/2021,46917,24329,138.243,71.687,24329,71.687,"Pfizer BioNTech - Comirnaty, Gamaleya - Sputnik V",,2
Sao Tome and Principe,STP,AFRO,REPORTING,9/10/2021,57154,45088,26.079,20.573,12066,5.506,"AstraZeneca - Vaxzevria,SII - Covishield",3/15/2021,2
Saudi Arabia,SAU,EMRO,REPORTING,9/15/2021,40133871,22911987,115.281,65.813,17221884,49.468,"AstraZeneca - Vaxzevria,Janssen - Ad26.COV 2.5,Moderna - mRNA-1273,Pfizer BioNTech - Comirnaty",1/6/2021,4
Senegal,SEN,AFRO,REPORTING,9/13/2021,1665800,1196616,9.949,7.147,763245,4.558,"Beijing CNBG - BBIBP-CorV,SII - Covishield",2/23/2021,2
Serbia,SRB,EURO,OWID,9/14/2021,6186509,2981529,89.314,43.044,2847165,41.104,"AstraZeneca - AZD1222, Pfizer BioNTech - Comirnaty, Beijing CNBG - Inactivated, Gamaleya - Sputnik V",,4
Seychelles,SYC,AFRO,REPORTING,8/25/2021,127476,74309,129.619,75.558,70441,71.625,"Beijing CNBG - BBIBP-CorV,SII - Covishield",1/10/2021,2
Sierra Leone,SLE,AFRO,REPORTING,9/13/2021,221110,181065,2.772,2.27,40045,0.502,"Beijing CNBG - BBIBP-CorV,SII - Covishield",3/15/2021,2
Singapore,SGP,WPRO,REPORTING,9/2/2021,8747866,4522530,149.527,77.304,4344810,74.266,"AstraZeneca - Vaxzevria,Moderna - mRNA-1273,Pfizer BioNTech - Comirnaty",12/30/2020,3
Sint Eustatius,XBA,AMRO,REPORTING,9/10/2021,2800,1449,89.2,46.161,1351,43.039,,,
Sint Maarten,SXM,AMRO,REPORTING,9/10/2021,48882,25516,113.992,59.503,23366,54.489,"AstraZeneca - Vaxzevria,Moderna - mRNA-1273,Pfizer BioNTech - Comirnaty",2/22/2021,3
Slovakia,SVK,EURO,OWID,9/14/2021,4620120,2407907,84.651,44.118,2212213,40.533,"Moderna - mRNA-1273, AstraZeneca - AZD1222, Pfizer BioNTech - Comirnaty",,3
Slovenia,SVN,EURO,OWID,9/14/2021,1988272,1043829,94.867,49.804,944443,45.062,"AstraZeneca - AZD1222, Pfizer BioNTech - Comirnaty",,2
Solomon Islands,SLB,WPRO,REPORTING,9/3/2021,89038,67565,12.963,9.836,21473,3.126,"AstraZeneca - Vaxzevria,Beijing CNBG - BBIBP-CorV,SII - Covishield",3/23/2021,3
Somalia,SOM,EMRO,REPORTING,9/15/2021,351305,231089,2.21,1.454,120216,0.756,"Beijing CNBG - BBIBP-CorV,Janssen - Ad26.COV 2.5,SII - Covishield,Sinovac - CoronaVac",3/16/2021,4
South Africa,ZAF,AFRO,REPORTING,9/12/2021,14670161,7482982,24.735,12.617,7187179,12.118,Janssen - Ad26.COV 2.5,2/17/2021,1
South Sudan,SSD,AFRO,REPORTING,9/8/2021,67109,55182,0.6,0.493,11927,0.107,SII - Covishield,4/6/2021,1
Spain,ESP,EURO,OWID,9/13/2021,68619581,37243220,144.973,78.684,35413078,74.817,"Janssen - Ad26.COV 2.5, Moderna - mRNA-1273, AstraZeneca - AZD1222, Pfizer BioNTech - Comirnaty",,4
Sri Lanka,LKA,SEARO,REPORTING,9/13/2021,24226161,13553534,113.136,63.295,10672627,49.841,"AstraZeneca - Vaxzevria,Beijing CNBG - BBIBP-CorV,Gamaleya - Sputnik V,Moderna - mRNA-1273,Pfizer BioNTech - Comirnaty,SII - Covishield",1/29/2021,6
Sudan,SDN,EMRO,REPORTING,9/14/2021,1423327,648840,3.246,1.48,505413,1.153,"Beijing CNBG - BBIBP-CorV,Janssen - Ad26.COV 2.5,Pfizer BioNTech - Comirnaty,SII - Covishield,Sinovac - CoronaVac",3/9/2021,5
Suriname,SUR,AMRO,REPORTING,9/10/2021,361815,210235,61.677,35.838,151580,25.839,"AstraZeneca - Vaxzevria,Beijing CNBG - BBIBP-CorV,Moderna - mRNA-1273,Pfizer BioNTech - Comirnaty,SII - Covishield",2/23/2021,5
Sweden,SWE,EURO,OWID,9/14/2021,13259346,7037966,128.388,68.147,6221380,60.24,"Moderna - mRNA-1273, AstraZeneca - AZD1222, Pfizer BioNTech - Comirnaty",,3
Switzerland,CHE,EURO,OWID,9/13/2021,9943500,5196873,114.892,60.047,4553278,52.611,"Moderna - mRNA-1273, Pfizer BioNTech - Comirnaty",,2
Syrian Arab Republic,SYR,EMRO,REPORTING,9/13/2021,533949,124107,3.051,0.709,248862,1.422,"Beijing CNBG - BBIBP-CorV,Gamaleya - Sputnik V,Janssen - Ad26.COV 2.5,SII - Covishield,Sinovac - CoronaVac",4/1/2021,5
Tajikistan,TJK,EURO,OWID,9/13/2021,3446777,2168537,36.139,22.737,1278240,13.402,"Moderna - mRNA-1273, AstraZeneca - AZD1222, Sinovac - CoronaVac",,3
Thailand,THA,SEARO,REPORTING,9/12/2021,39661281,27303700,56.821,39.117,12357581,17.704,"AstraZeneca - Vaxzevria,Beijing CNBG - BBIBP-CorV,Janssen - Ad26.COV 2.5,Moderna - mRNA-1273,Pfizer BioNTech - Comirnaty,SII - Covishield,Sinovac - CoronaVac",2/28/2021,7
The United Kingdom,GBR,EURO,REPORTING,9/13/2021,92487365,48439272,136.2,71.172,43935821,64.72,"AstraZeneca - Vaxzevria,Moderna - mRNA-1273,Pfizer BioNTech - Comirnaty",12/21/2020,3
Timor-Leste,TLS,SEARO,REPORTING,9/14/2021,643324,408918,48.794,31.015,234406,17.779,"AstraZeneca - Vaxzevria,SII - Covishield,Sinovac - CoronaVac",4/7/2021,3
Togo,TGO,AFRO,REPORTING,9/5/2021,651941,414249,7.875,5.004,237692,2.871,SII - Covishield,3/10/2021,1
Tokelau,TKL,WPRO,REPORTING,8/3/2021,968,968,71.704,71.704,,,Pfizer BioNTech - Comirnaty,7/20/2021,1
Tonga,TON,WPRO,REPORTING,8/30/2021,68404,41130,64.718,38.914,27274,25.804,AstraZeneca - Vaxzevria,4/14/2021,1
Trinidad and Tobago,TTO,AMRO,REPORTING,9/10/2021,962287,544008,68.76,38.872,425763,30.423,"AstraZeneca - Vaxzevria,Beijing CNBG - BBIBP-CorV,Janssen - Ad26.COV 2.5,Pfizer BioNTech - Comirnaty,SII - Covishield",2/17/2021,5
Tunisia,TUN,EMRO,REPORTING,9/12/2021,6823657,4536120,57.737,38.381,2995622,25.347,"AstraZeneca - Vaxzevria,Beijing CNBG - BBIBP-CorV,Gamaleya - Sputnik V,Janssen - Ad26.COV 2.5,Moderna - mRNA-1273,Pfizer BioNTech - Comirnaty,Sinovac - CoronaVac",3/13/2021,7
Turkey,TUR,EURO,OWID,9/14/2021,103001616,51979208,122.128,61.631,40921431,48.52,"Pfizer BioNTech - Comirnaty, Sinovac - CoronaVac",,2
Turkmenistan,TKM,EURO,OWID,4/4/2021,41993,32240,0.696,0.535,9753,0.162,"SRCVB - EpiVacCorona, AstraZeneca - AZD1222, Beijing CNBG - Inactivated, Gamaleya - Sputnik V",,4
Turks and Caicos Islands,TCA,AMRO,REPORTING,9/10/2021,51838,27220,133.886,70.303,24618,63.583,Pfizer BioNTech - Comirnaty,1/11/2021,1
Tuvalu,TUV,WPRO,REPORTING,8/26/2021,10692,6167,90.672,52.298,4525,38.373,AstraZeneca - Vaxzevria,4/13/2021,1
Uganda,UGA,AFRO,REPORTING,9/1/2021,1436264,1030447,3.14,2.253,366658,0.802,SII - Covishield,3/10/2021,1
Ukraine,UKR,EURO,OWID,9/14/2021,10987963,6028877,25.125,13.785,4959086,11.339,"Moderna - mRNA-1273, AstraZeneca - AZD1222, Pfizer BioNTech - Comirnaty, Sinovac - CoronaVac",,4
United Arab Emirates,ARE,EMRO,REPORTING,9/15/2021,19163754,,193.761,,,,"AstraZeneca - Vaxzevria,Beijing CNBG - BBIBP-CorV,Gamaleya - Sputnik V,Pfizer BioNTech - Comirnaty,SII - Covishield",12/14/2020,5
United Republic of Tanzania,TZA,AFRO,REPORTING,8/28/2021,310103,0,0.519,0,300753,0.503,Janssen - Ad26.COV 2.5,,1
United States of America,USA,AMRO,REPORTING,9/10/2021,379082955,215797376,114.526,65.195,177919118,53.752,"Janssen - Ad26.COV 2.5,Moderna - mRNA-1273,Pfizer BioNTech - Comirnaty",12/14/2020,3
Uruguay,URY,AMRO,REPORTING,9/10/2021,5889622,2702012,169.547,77.784,2535870,73.001,"AstraZeneca - Vaxzevria,Pfizer BioNTech - Comirnaty,Sinovac - CoronaVac",2/27/2021,3
Uzbekistan,UZB,EURO,OWID,9/9/2021,,,,,2884433,8.618,"AstraZeneca - AZD1222, Gamaleya - Sputnik V, ZF2001",,3
Vanuatu,VUT,WPRO,REPORTING,9/5/2021,50606,39347,16.476,12.811,11278,3.672,"AstraZeneca - Vaxzevria,Beijing CNBG - BBIBP-CorV",6/2/2021,2
Venezuela (Bolivarian Republic of),VEN,AMRO,REPORTING,9/10/2021,9150998,5814451,32.181,20.448,3326547,11.698,"Beijing CNBG - BBIBP-CorV,Gamaleya - Sputnik V,Wuhan CNBG - Inactivated",2/22/2021,3
Viet Nam,VNM,WPRO,REPORTING,9/3/2021,21046279,17998754,21.622,18.491,3047525,3.131,"AstraZeneca - Vaxzevria,Beijing CNBG - BBIBP-CorV,Gamaleya - Sputnik V,Moderna - mRNA-1273,Pfizer BioNTech - Comirnaty",3/8/2021,5
Wallis and Futuna,WLF,WPRO,REPORTING,8/26/2021,9801,4952,87.151,44.033,4849,43.118,Moderna - mRNA-1273,3/19/2021,1
Yemen,YEM,EMRO,REPORTING,9/12/2021,322934,308025,1.083,1.033,14909,0.05,"Janssen - Ad26.COV 2.5,SII - Covishield",4/20/2021,2
Zambia,ZMB,AFRO,REPORTING,8/23/2021,503707,303966,2.74,1.653,199741,1.086,SII - Covishield,4/14/2021,1
Zimbabwe,ZWE,AFRO,REPORTING,9/9/2021,4552455,2782103,30.63,18.718,1770352,11.911,"Beijing CNBG - BBIBP-CorV,Bharat - Covaxin,Sinovac - CoronaVac",2/18/2021,3
